<beans xmlns="http://www.springframework.org/schema/beans"
       xmlns:xsi="http://www.w3.org/2001/XMLSchema-instance"
       xmlns:context="http://www.springframework.org/schema/context" xmlns:tx="http://www.springframework.org/schema/tx"
       xmlns:mvc="http://www.springframework.org/schema/mvc"
       xsi:schemaLocation="http://www.springframework.org/schema/beans
        http://www.springframework.org/schema/beans/spring-beans.xsd
        http://www.springframework.org/schema/context http://www.springframework.org/schema/context/spring-context.xsd http://www.springframework.org/schema/tx http://www.springframework.org/schema/tx/spring-tx.xsd http://www.springframework.org/schema/mvc http://www.springframework.org/schema/mvc/spring-mvc.xsd">

    <context:property-placeholder location="classpath:hibernate.properties"/>
    <context:component-scan base-package="com.yu.controller"/>
    <context:component-scan base-package="com.yu.serv"/>
    <context:component-scan base-package="com.yu.dao"/>
    <mvc:annotation-driven />
    <tx:annotation-driven transaction-manager="transactionManager"/>

    <bean class="org.springframework.web.servlet.view.InternalResourceViewResolver">
        <property name="prefix" value="/WEB-INF/pages/"/>
        <property name="suffix" value=".jsp"/>
    </bean>

    <bean id="mappingJacksonHttpMessageConverter"  class="org.springframework.http.converter.json.MappingJacksonHttpMessageConverter" >
        <property name="supportedMediaTypes" value="application/json" />
    </bean>

    <bean id="dataSource" class="com.mchange.v2.c3p0.ComboPooledDataSource">
        <property name="driverClass" value="${hibernate.connection.driver_class}"/>
        <property name="jdbcUrl" value="${hibernate.connection.url}"/>
        <property name="user" value="${hibernate.connection.username}"/>
        <property name="password" value="${hibernate.connection.password}"/>
        <property name="initialPoolSize" value="${hibernate.connection.initialPoolSize}"/>
        <property name="minPoolSize" value="${hibernate.connection.minPoolSize}"/>
        <property name="maxPoolSize" value="${hibernate.connection.maxPoolSize}"/>
        <property name="preferredTestQuery" value="${hibernate.connection.preferfedTestQuery"/>
    </bean>

    <bean id="sessionFactory" class="org.springframework.orm.hibernate4.LocalSessionFactoryBean">
        <property name="dataSource" ref="dataSource"/>
        <property name="annotatedClasses">
            <list>
                <value>com.yu.mod.ZszcAdminUserMod</value>
                <value>com.yu.mod.ZszcDiscloseMod</value>
                <value>com.yu.mod.ZszcFinaceMod</value>
                <value>com.yu.mod.ZszcPictureMod</value>
                <value>com.yu.mod.ZszcProInfoMod</value>
                <value>com.yu.mod.ZszcRiserInfoMod</value>
                <value>com.yu.mod.ZszcUserInfoMod</value>
            </list>
        </property>
        <property name="hibernateProperties">
            <props>
                <prop key="hibernate.dialect">${hibernate.dialect}</prop>
                <prop key="hibernate.show_sql">${hibernate.show_sql}</prop>
                <prop key="hibernate.format_sql">${hibernate.format_sql}</prop>
                <prop key="hibernate.current_session_context_class">${hibernate.current_session_context_class}</prop>
                <prop key="hibernate.connection.autocommit">${hibernate.connection.autocommit}</prop>
            </props>
        </property>
    </bean>

    <bean id="transactionManager" class="org.springframework.orm.hibernate4.HibernateTransactionManager">
        <property name="sessionFactory" ref="sessionFactory"/>
    </bean>

</beans>